max_best_average_f1,number of recommendations
0.00030374492053466255,26
0.0002097752629766385,13
0.0002677717298961777,20
0.00028654879443075737,23
0.0002994097844762592,25
