max_best_average_f1,number of recommendations
0.0003847235934469219,54
0.0003088423126748679,27
0.0003608645439571307,41
0.00037356921034420985,48
0.00037863494124454203,51
0.0003820474888810875,53
