max_best_average_f1,number of recommendations
0.00019797611405312506,12
0.00012910223684402575,6
0.00016629303426315083,9
0.00018484130976373635,11
