max_best_average_f1,number of recommendations
0.00011500630210867773,5
7.914846406505256e-05,3
